country_name;country_code;year;total;adults_male;adults_female;juvenile_male;juvenile_female;tot_juvenile;tot_male;tot_female;foreign;nationals;unsentenced;sentenced;actual;official;total_mortality;suicide_mortality;homicide_mortality;psychiatrists_staff;psychologists_staff;education_training_health_staff;total_staff
Cyprus;CYP;2003;355;271;11;;;;;;161;194;56;303;;;;;;;;;
Cyprus;CYP;2004;546;318;20;;;33;;;264;282;83;371;;;;;;;;;
Cyprus;CYP;2005;536;445;16;41;0;41;486;16;249;287;84;418;;;;;;;;;
Cyprus;CYP;2006;599;512;19;45;2;47;557;21;291;308;99;479;;;;;;;;;
Cyprus;CYP;2007;646;504;21;20;0;20;524;21;335;311;69;478;;;;;;;;;
Cyprus;CYP;2008;646;582;42;26;2;28;608;44;385;261;118;534;652;322;;;;;;;
Cyprus;CYP;2009;670;519;31;27;1;28;546;32;415;255;105;473;578;360;;;;;;;
Cyprus;CYP;2010;637;577;45;14;0;14;591;45;375;262;139;497;636;351;;;;;;;
Cyprus;CYP;2011;634;571;35;14;2;16;585;37;368;266;135;487;622;370;;;;;;;
Cyprus;CYP;2012;694;609;43;24;2;26;633;45;374;320;156;522;678;370;;;;;;;
Cyprus;CYP;2013;592;491;25;32;5;37;523;30;316;276;117;436;553;370;;;;;;;
Cyprus;CYP;2014;537;479;30;23;0;23;502;30;257;280;101;431;532;;;;;2;NaN;;
Cyprus;CYP;2015;596;492;31;23;1;24;515;32;250;346;110;437;547;480;;;;NaN;3;;
Cyprus;CYP;2016;668;530;41;15;0;15;545;41;279;389;135;451;586;;;;;;;;
Cyprus;CYP;2017;625;538;33;20;1;21;558;34;250;375;151;441;592;528;;;;;;;
Cyprus;CYP;2018;648;;;;;;;;282;366;;;619;566;;;;;;;
Turkey;TUR;2003;63796;;2193;;;;;;812;62984;;;;;;;;;;;
Turkey;TUR;2004;58016;;1951;;;;;;676;57340;;;;;;;;;;;
Turkey;TUR;2005;55966;;1834;;;;;;601;55365;;;;;;;;;;;
Turkey;TUR;2006;70524;;2444;;;;;;1050;69474;;;;;;;;;;;
Turkey;TUR;2007;90732;87127;3179;;;;;;1092;89640;;;;;;;;;;;
Turkey;TUR;2008;103435;96890;3599;;;2746;;;1395;102040;;;;;;;;;;;
Turkey;TUR;2009;115920;109648;4013;2501;61;2679;112149;4074;1861;114059;;;116340;106779;;;;;;;
Turkey;TUR;2010;120194;114551;4150;2045;68;2113;116596;4218;2116;118078;;;120814;114348;;;;;;;
Turkey;TUR;2011;128253;121731;4539;2262;72;2334;123993;4611;2245;126008;;;128604;116754;;;;;;;
Turkey;TUR;2012;136638;129181;4538;1946;55;2001;131127;4593;2214;134415;;;136020;142460;;;;;;;
Turkey;TUR;2013;144098;138420;5169;1829;50;1879;140249;5219;2494;141604;;;145468;154115;;;;;;;
Turkey;TUR;2014;158690;151656;5755;1923;63;1986;153579;5818;2909;155781;;;159397;163129;;;;;;;
Turkey;TUR;2015;177262;169501;6435;2247;74;2321;171748;6509;3822;173440;;;178257;177636;;;;;;;
Turkey;TUR;2016;200727;190031;8294;2323;79;2402;192354;8373;4442;196285;;;200727;202675;;;;;;;
Turkey;TUR;2017;232340;;;;;;;;6346;225994;;;233415;208780;;;;;;;
Turkey;TUR;2018;264842;;;;;;;;8578;256264;;;264842;213862;;;;;;;
Bulgaria;BGR;2003;9282;;294;;3;138;;297;191;9091;1861;8205;;;;;;;;;
Bulgaria;BGR;2004;9931;10370;349;149;3;152;10519;352;207;9724;1988;8883;;;;;;;;;
Bulgaria;BGR;2005;10722;10918;387;128;3;131;11046;390;219;10503;2080;9356;;;;;;;;;
Bulgaria;BGR;2006;11308;10583;371;97;7;104;10680;378;247;11061;1354;9704;;;;;;;;;
Bulgaria;BGR;2007;10961;9844;333;89;5;94;9933;338;222;10739;952;9319;;;;;;;;;
Bulgaria;BGR;2008;10182;9043;290;73;2;75;9116;292;202;9980;794;8614;9408;9408;;;;;;;
Bulgaria;BGR;2009;10093;8708;240;57;1;58;8765;241;213;9880;890;8116;9006;9006;;;;;;;
Bulgaria;BGR;2010;10448;9015;291;73;0;73;9088;291;207;10241;1059;8320;9379;9379;46;6;;;;;
Bulgaria;BGR;2011;9885;9507;289;89;0;89;9596;289;175;9710;1099;8786;9885;9885;50;4;;;;;
Bulgaria;BGR;2012;9493;9111;307;73;2;75;9184;309;180;9313;927;8566;9493;9493;52;6;;;;;
Bulgaria;BGR;2013;8834;8493;263;77;1;78;8570;264;253;8581;774;8060;8834;8834;32;4;;;;;
Bulgaria;BGR;2014;7870;7549;258;62;1;63;7611;259;232;7638;669;7201;7870;7870;28;0;;;;;2797
Bulgaria;BGR;2015;7408;7117;245;45;1;46;7162;246;242;7166;689;6719;7408;7408;43;7;0;NaN;NaN;;2810
Bulgaria;BGR;2016;7345;7090;228;27;0;27;7117;228;215;7130;587;6758;7345;8491;48;3;0;2;28;;2849
Bulgaria;BGR;2017;6988;6740;218;29;1;30;6769;219;186;6802;639;6349;6988;8491;36;5;0;;;105;1643
Bulgaria;BGR;2018;6651;;;;;;;;161;6490;;;6651;8241;32;3;0;;;;
Hungary;HUN;2003;16507;;989;;44;;;1033;746;15761;;;;;;;;;;;
Hungary;HUN;2004;16543;15119;979;435;13;448;15554;992;697;15846;4079;12467;;;;;;;;;
Hungary;HUN;2005;15720;14292;980;465;18;483;14757;998;593;15127;3970;11785;;;;;;;;;
Hungary;HUN;2006;14821;13412;942;448;20;468;13860;962;538;14283;3786;11036;;;;;;;;;
Hungary;HUN;2007;14331;13010;899;422;22;444;13432;921;541;13790;3824;10529;;;;;;;;;
Hungary;HUN;2008;14702;13289;923;507;24;531;13796;947;535;14167;4353;10390;14743;12556;;;;;;;
Hungary;HUN;2009;15360;13931;989;495;17;512;14426;1006;577;14783;4493;10939;15432;12042;;;;;;;
Hungary;HUN;2010;16328;14758;1009;540;21;561;15298;1030;597;15731;4803;11525;16328;12335;51;7;1;;;;
Hungary;HUN;2011;17210;15470;1216;501;23;524;15971;1239;585;16625;4875;12335;17210;12604;40;9;2;;;;
Hungary;HUN;2012;17179;15440;1225;498;16;514;15938;1241;621;16558;4888;12291;17179;12573;54;8;0;;;;
Hungary;HUN;2013;17841;16027;1336;458;20;478;16485;1356;653;17188;5053;12788;17841;12584;;;;;;;
Hungary;HUN;2014;17890;16134;1332;407;17;424;16541;1349;700;17190;4400;13490;17890;12584;;;;;;;
Hungary;HUN;2015;17449;15862;1235;337;15;352;16199;1250;909;16540;4021;13428;17449;13209;;;;;;;
Hungary;HUN;2016;17658;16071;1280;290;17;307;16361;1297;NaN;NaN;3622;14036;17658;13774;64;9;0;;;;8417
Hungary;HUN;2017;17343;15838;1268;229;8;237;16067;1276;NaN;NaN;3401;13942;17343;14011;75;4;1;;;;8802
Hungary;HUN;2018;16303;;;;;;;;NaN;NaN;;;16303;14469;71;6;0;;;;
Poland;POL;2003;79281;;1260;3541;57;3598;;1317;1173;78108;18240;61041;;;;;;;;;
Poland;POL;2004;80368;60069;1486;3365;55;3420;63434;1541;1041;79327;15055;65313;;;;;;;;;
Poland;POL;2005;82955;75372;2235;6970;298;7268;82342;2533;655;82300;13793;71082;;;;;;;;;
Poland;POL;2006;88647;80773;2550;6910;296;7206;87683;2846;659;87988;14834;75695;;;;;;;;;
Poland;POL;2007;87776;80630;2501;6232;285;6517;86862;2786;646;87130;11903;77745;;;;;;;;;
Poland;POL;2008;83152;76764;2455;5484;275;5759;82248;2730;539;82613;9395;75583;84978;85049;;;;;;;
Poland;POL;2009;84003;77745;2434;5307;263;5570;83052;2697;595;83408;9976;75773;85749;86019;;;;;;;
Poland;POL;2010;80728;75007;2515;4586;264;4850;79593;2779;572;80156;8811;73561;82372;86755;135;34;;;;;
Poland;POL;2011;81382;76011;2456;4129;236;4365;80140;2692;555;80827;8507;74325;82832;87961;127;22;;;;;
Poland;POL;2012;84156;78668;2638;3944;209;4153;82612;2847;566;83590;7354;78105;85459;88498;107;18;;;;;
Poland;POL;2013;78994;74005;2591;3391;178;3569;77396;2769;521;78473;6858;73307;80165;88662;109;19;;;;;
Poland;POL;2014;77371;72858;2484;3716;287;4003;76574;2771;537;76834;6238;73107;79345;87742;107;26;;;;5969;30349
Poland;POL;2015;70836;66962;2336;3154;243;3397;70116;2579;519;70317;4162;68533;72695;89164;105;23;;;;5852;29935
Poland;POL;2016;71528;67506;2535;2061;107;2168;69567;2642;662;70866;5396;66813;72209;89178;123;24;;38;616;5860;30191
Poland;POL;2017;73822;69528;2825;1969;158;2127;71497;2983;840;72982;7239;67241;74480;88637;;;;;;5864;30227
Poland;POL;2018;72204;;;;;;;;1037;71167;;;72818;85940;170;26;;;;;
Romania;ROU;2003;42770;;1503;626;29;655;;1532;328;42442;6707;36108;;;;;;;;;
Romania;ROU;2004;39044;30973;1466;540;28;568;31513;1494;304;38740;6024;33007;;;;;;;;;
Romania;ROU;2005;36689;34910;1595;779;85;864;35689;1680;265;36424;5383;31317;;;;;;;;;
Romania;ROU;2006;34038;31773;1509;723;33;756;32496;1542;252;33786;4282;29756;;;;;;;;;
Romania;ROU;2007;29390;27472;1380;521;17;538;27993;1397;217;29173;2947;26443;;;;;;;;;
Romania;ROU;2008;26212;24570;1211;416;15;431;24986;1226;191;26021;3112;23100;26212;34299;;;;;;;
Romania;ROU;2009;26716;25052;1194;451;19;470;25503;1213;200;26516;4408;22308;26716;33960;;;;;;;
Romania;ROU;2010;28244;26538;1247;435;24;459;26973;1271;207;28037;4630;23614;28244;34165;77;9;1;;;;
Romania;ROU;2011;30694;28889;1355;429;21;450;29318;1376;208;30486;3313;27381;30694;26618;88;9;1;;;;
Romania;ROU;2012;31817;29968;1405;427;17;444;30395;1422;174;31643;3179;28638;31817;27125;115;22;0;;;;
Romania;ROU;2013;33434;31383;1539;492;20;512;31875;1559;195;33239;1845;31589;33434;29389;102;18;2;;;;
Romania;ROU;2014;30156;28323;1517;296;20;316;28619;1537;253;29903;1601;28555;30156;28901;122;13;0;;;1366;12053
Romania;ROU;2015;28334;26591;1427;300;16;316;26891;1443;269;28065;1485;26849;28334;27479;113;11;1;6;132;1320;12160
Romania;ROU;2016;27455;25657;1391;387;20;407;26044;1411;302;27153;1585;25870;27455;27889;98;11;;;;1500;11684
Romania;ROU;2017;23450;21955;1100;375;20;395;22330;1120;286;23164;1370;22080;23450;20408;91;9;1;;;1644;12278
Romania;ROU;2018;20792;;;;;;;;253;20539;;;20792;19414;103;11;;;;;
Slovakia;SVK;2003;5983;;231;;1;106;;232;84;5899;;;;;;;;;;;
Slovakia;SVK;2004;6331;;369;;5;202;;374;84;6247;3091;6331;;;;;;;;;
Slovakia;SVK;2005;6051;;378;;3;239;;381;73;5978;2846;6051;;;;;;;;;
Slovakia;SVK;2006;6006;;378;;3;182;;381;63;5943;2243;6006;;;;;;;;;
Slovakia;SVK;2007;6137;;369;;3;193;;372;62;6075;1849;6137;;;;;;;;;
Slovakia;SVK;2008;6613;;408;;2;167;;410;78;6535;1553;6613;8166;10818;;;;;;;
Slovakia;SVK;2009;7695;8671;488;154;3;157;8825;491;68;7627;1621;7695;9316;10876;;;;;;;
Slovakia;SVK;2010;8567;9340;551;139;1;140;9479;552;96;8471;1464;8567;10031;11085;16;8;0;;;;
Slovakia;SVK;2011;9118;9775;618;128;4;132;9903;622;105;9013;1407;9118;10525;11201;15;7;0;;;;
Slovakia;SVK;2012;9542;10067;646;132;5;137;10199;651;129;9413;1308;9542;10850;11304;23;6;0;;;;
Slovakia;SVK;2013;8537;9071;583;93;6;99;9164;589;122;8415;1216;8537;9753;11812;12;4;0;;;;
Slovakia;SVK;2014;8701;9316;611;90;3;93;9406;614;112;8589;1319;8701;10020;11828;18;6;0;;;249;5215
Slovakia;SVK;2015;8567;9196;628;86;3;89;9282;631;121;8446;1346;8567;9913;11184;18;4;0;;;238;5199
Slovakia;SVK;2016;8557;9246;673;76;0;76;9322;673;133;8424;1438;8557;9995;11033;30;6;0;10;8;248;5254
Slovakia;SVK;2017;8512;9240;716;72;0;72;9312;716;142;8370;1516;8512;10028;10941;29;10;0;;;;5259
Slovakia;SVK;2018;8715;;;;;;;;130;8585;;;10294;11499;17;5;0;;;;
Denmark;DNK;2003;3522;;105;8;0;8;;105;658;2864;1060;2581;;;;;;;;;
Denmark;DNK;2004;3757;;174;7;0;7;;174;681;3076;1089;2678;;;;;;;;;
Denmark;DNK;2005;4132;;176;;;20;;;753;3379;1044;2997;;;;;;;;;
Denmark;DNK;2006;3759;;183;;;18;;;710;3049;1098;2834;;;;;;;;;
Denmark;DNK;2007;3624;;175;21;4;25;;179;696;2928;1019;2605;;;;;;;;;
Denmark;DNK;2008;3451;;155;9;0;9;;155;792;2659;1183;2268;3451;;;;;;;;
Denmark;DNK;2009;3721;3523;178;20;0;20;3543;178;811;2910;1426;2295;3721;;;;;;;;
Denmark;DNK;2010;3944;3743;183;15;2;17;3758;185;853;3091;1409;2535;3944;;11;2;0;;;;
Denmark;DNK;2011;3947;3774;164;9;0;9;3783;164;838;3109;1381;2566;3947;;13;5;0;;;;
Denmark;DNK;2012;3829;3673;149;6;1;7;3679;150;979;2850;1092;2737;3829;;5;4;0;;;;
Denmark;DNK;2013;4091;3890;189;12;0;12;3902;189;1098;2993;1226;2865;4091;;8;3;0;;;;
Denmark;DNK;2014;3583;3429;145;9;0;9;3438;145;1002;2581;1066;2517;3583;4153;4;2;0;;;409;3710
Denmark;DNK;2015;3203;3079;118;6;0;6;3085;118;865;2338;930;2273;3203;3761;4;2;0;;;395;3400
Denmark;DNK;2016;3408;3242;150;16;0;16;3258;150;954;2454;923;2485;3408;3522;12;8;0;;;373;3283
Denmark;DNK;2017;3418;3274;135;8;1;9;3282;136;968;2450;1275;2143;3418;3592;9;4;;7;NaN;339;3157
Denmark;DNK;2018;3635;;;;;;;;1039;2596;;;3635;3795;8;5;;;;;
Estonia;EST;2003;4529;;131;;2;46;;133;1949;2580;1355;3221;;;;;;;;;
Estonia;EST;2004;4525;;150;;5;55;;155;1862;2663;1096;3469;;;;;;;;;
Estonia;EST;2005;4420;;141;;0;37;;141;1790;2630;1024;3386;;;;;;;;;
Estonia;EST;2006;4310;;137;;0;41;;137;1736;2574;1045;3265;;;;;;;;;
Estonia;EST;2007;3456;3073;156;71;0;71;3144;156;1413;2043;916;2540;;;;;;;;;
Estonia;EST;2008;3656;3224;190;51;1;52;3275;191;1471;2182;990;2666;3656;3880;;;;;;;
Estonia;EST;2009;3555;3371;149;33;1;34;3404;150;NaN;NaN;836;2719;3555;3621;;;;;;;
Estonia;EST;2010;3393;3157;193;42;1;43;3199;194;NaN;NaN;744;2649;3393;3637;6;;;;;;
Estonia;EST;2011;3400;3190;181;25;4;29;3215;185;1302;2098;772;2628;3400;3662;9;;;;;;
Estonia;EST;2012;3286;3088;162;34;2;36;3122;164;1248;2038;754;2532;3286;;5;;;;;;
Estonia;EST;2013;3123;2936;154;31;2;33;2967;156;1192;1931;684;2428;3023;3420;5;2;0;;;;
Estonia;EST;2014;3034;;;31;2;33;;;NaN;NaN;713;2321;3034;2962;8;1;0;;;;1656
Estonia;EST;2015;2823;2646;153;22;2;24;2668;155;NaN;NaN;699;2124;2823;;4;;0;;;;1579
Estonia;EST;2016;2864;;;;;;;;NaN;NaN;;;2864;2915;2;;;3;21;;1229
Estonia;EST;2017;2723;2563;140;19;1;20;2582;141;NaN;NaN;570;2153;2723;2915;5;1;;;;;1211
Estonia;EST;2018;2584;;;;;;;;916;1668;;;2584;3334;8;4;;;;;
Finland;FIN;2003;3641;2726;148;100;1;101;2826;149;292;3349;478;3163;;;;;;;;;
Finland;FIN;2004;3703;2844;167;92;4;96;2936;171;305;3398;494;3210;;;;;;;;;
Finland;FIN;2005;3867;3540;235;91;1;92;3631;236;268;3599;516;3351;;;;;;;;;
Finland;FIN;2006;3851;3512;242;95;2;97;3607;244;312;3539;439;3412;;;;;;;;;
Finland;FIN;2007;3624;3306;241;73;5;78;3379;246;301;3323;501;3124;;;;;;;;;
Finland;FIN;2008;3531;3219;218;87;6;93;3306;224;334;3197;573;2957;3530;;;;;;;;
Finland;FIN;2009;3589;3249;238;99;3;102;3348;241;356;3233;574;3015;3589;;;;;;;;
Finland;FIN;2010;3364;3046;245;72;1;73;3118;246;374;2990;568;2796;3364;;6;4;;;;;
Finland;FIN;2011;3268;2969;228;68;3;71;3037;231;436;2832;585;2683;3268;;8;6;;;;;
Finland;FIN;2012;3306;3000;219;85;2;87;3085;221;478;2828;631;2675;3306;;4;2;;;;;
Finland;FIN;2013;3295;2960;253;79;3;82;3039;256;458;2837;554;2741;3295;;5;2;0;;;;
Finland;FIN;2014;3148;2810;237;98;3;101;2908;240;483;2665;629;2519;3148;3083;9;2;1;;;423;2402
Finland;FIN;2015;3135;2818;228;80;9;89;2898;237;489;2646;580;2555;3135;3079;3;2;0;;;423;2336
Finland;FIN;2016;3156;2848;215;82;11;93;2930;226;531;2625;604;2552;3156;2959;4;2;0;8;3;248;2078
Finland;FIN;2017;3082;2756;228;92;6;98;2848;234;555;2527;615;2467;3082;2922;2;2;0;;;258;2083
Finland;FIN;2018;2910;;;;;;;;482;2428;;;2956;2975;3;2;0;;;;
Iceland;ISL;2003;109;;5;;;;;;13;96;8;101;;;;;;;;;
Iceland;ISL;2004;112;108;7;0;0;0;108;7;14;98;9;106;;;;;;;;;
Iceland;ISL;2005;108;110;7;2;0;2;112;7;14;94;18;101;;;;;;;;;
Iceland;ISL;2006;115;112;6;1;0;1;113;6;13;102;18;101;;;;;;;;;
Iceland;ISL;2007;124;106;8;1;0;1;107;8;20;104;12;103;;;;;;;;;
Iceland;ISL;2008;120;129;9;1;1;2;130;10;18;102;14;126;140;145;;;;;;;
Iceland;ISL;2009;132;136;7;2;0;2;138;7;25;107;25;123;148;145;;;;;;;
Iceland;ISL;2010;154;159;8;0;0;0;159;8;22;132;13;154;167;;;;;;;;
Iceland;ISL;2011;143;140;8;2;0;2;142;8;25;118;12;138;150;;;;;;;;
Iceland;ISL;2012;141;139;13;1;0;1;140;13;28;113;26;127;153;141;;;;;;;
Iceland;ISL;2013;147;141;6;0;0;0;141;6;25;122;12;;147;164;2;1;;;;;
Iceland;ISL;2014;142;151;3;0;0;0;151;3;23;119;9;133;154;155;0;0;;;;;117
Iceland;ISL;2015;139;140;6;0;0;0;140;6;29;110;17;122;139;148;0;0;;;;;113
Iceland;ISL;2016;116;116;8;0;0;0;116;8;22;94;15;101;116;140;0;0;;0;2;;109
Iceland;ISL;2017;150;123;8;0;0;0;123;8;30;120;23;114;137;;1;1;;;;;113
Iceland;ISL;2018;147;;;;;;;;35;112;;;136;;1;1;;;;;
Ireland;IRL;2003;3146;2455;71;43;0;43;2498;71;NaN;NaN;555;2679;;;;;;;;;
Ireland;IRL;2004;2660;2533;68;58;1;59;2591;69;NaN;NaN;454;2708;;;;;;;;;
Ireland;IRL;2005;2637;;;;;;;;NaN;NaN;478;2544;;;;;;;;;
Ireland;IRL;2006;2725;;;;;;;;222;2503;533;2547;;;;;;;;;
Ireland;IRL;2007;2696;3076;98;56;0;56;3132;98;283;2413;605;2648;;;;;;;;;
Ireland;IRL;2008;10928;3313;111;46;0;46;3359;111;3247;7681;597;2887;3484;3827;;;;;;;
Ireland;IRL;2009;12339;3690;123;55;0;55;3745;123;3009;9330;559;3309;3868;4323;;;;;;;
Ireland;IRL;2010;13758;4122;147;49;0;49;4171;147;3056;10702;634;3684;4318;4480;11;3;0;;;;
Ireland;IRL;2011;13952;4054;138;34;0;34;4088;138;2689;11263;606;3610;4216;4480;6;0;0;;;;
Ireland;IRL;2012;13860;4118;155;23;0;23;4141;155;2525;11335;498;3789;4287;4622;5;1;0;;;;
Ireland;IRL;2013;13055;3588;122;8;0;8;3596;122;2336;10719;614;3474;4088;4244;10;;;;;;
Ireland;IRL;2014;13408;3084;120;12;0;12;3096;120;2284;11124;439;3338;3777;4145;9;;;;;;
Ireland;IRL;2015;NaN;3035;115;59;1;60;3094;116;NaN;NaN;594;3128;3755;4695;;;;;;;
Ireland;IRL;2016;NaN;2969;94;13;1;14;2982;95;NaN;NaN;639;3079;3718;;;;;5;19;;
Ireland;IRL;2017;NaN;;;;;;;;NaN;NaN;690;2990;3680;;;;;;;;
Ireland;IRL;2018;NaN;;;;;;;;NaN;NaN;;;3962;;;;;;;;
Latvia;LVA;2003;4795;;;370;3;373;;;1575;3220;3505;4800;;;;;;;;;
Latvia;LVA;2004;4808;;;318;2;320;;;1535;3273;3269;4962;;;;;;;;;
Latvia;LVA;2005;4608;7045;297;296;8;304;7341;305;1502;3106;2662;4984;;;;;;;;;
Latvia;LVA;2006;4643;6416;326;231;10;241;6647;336;1408;3235;2199;4766;;;;;;;;;
Latvia;LVA;2007;4701;6032;325;244;10;254;6276;335;1387;3314;1710;4838;;;;;;;;;
Latvia;LVA;2008;4872;5969;380;240;8;248;6209;388;1351;3521;1742;4806;6548;8042;;;;;;;
Latvia;LVA;2009;4959;6504;402;168;21;189;6672;423;1367;3592;2000;5055;7055;8015;;;;;;;
Latvia;LVA;2010;4701;6271;421;83;5;88;6354;426;1296;3405;2031;4749;6780;8333;20;3;0;;;;
Latvia;LVA;2011;4488;6077;416;65;3;68;6142;419;1199;3289;2035;4526;6561;;27;8;0;;;;
Latvia;LVA;2012;4171;5646;416;52;3;55;5698;419;1146;3025;1921;4196;6117;7970;30;11;0;;;;
Latvia;LVA;2013;3603;4743;347;46;0;46;4789;347;980;2623;1523;3613;5136;8144;15;3;2;;;;
Latvia;LVA;2014;3253;4364;343;36;2;38;4400;345;880;2373;1469;3276;4745;5852;28;5;0;;;368;2561
Latvia;LVA;2015;3000;4012;355;39;3;42;4051;358;748;2252;1389;3020;4409;5871;17;3;0;3;32;407;2615
Latvia;LVA;2016;2966;3851;349;43;0;43;3894;349;769;2197;1277;2966;4243;4409;17;4;0;;;437;2659
Latvia;LVA;2017;2714;3434;290;40;1;41;3474;291;640;2074;1051;2714;3765;3783;12;3;0;;;431;2560
Latvia;LVA;2018;2541;;;;;;;;606;1935;;;3522;3522;24;2;0;;;;
Lithuania;LTU;2003;7869;;195;;2;119;;197;131;7738;1362;6701;;;;;;;;;
Lithuania;LTU;2004;7941;7679;262;184;0;184;7863;262;78;7863;1284;6841;;;;;;;;;
Lithuania;LTU;2005;7958;7650;308;177;2;179;7827;310;73;7885;1127;7010;;;;;;;;;
Lithuania;LTU;2006;7908;7594;314;164;7;171;7758;321;76;7832;997;7082;;;;;;;;;
Lithuania;LTU;2007;7674;7337;337;186;6;192;7523;343;72;7602;955;6911;;;;;;;;;
Lithuania;LTU;2008;7800;7445;355;197;3;200;7642;358;87;7713;978;7022;8000;9062;;;;;;;
Lithuania;LTU;2009;8467;8100;367;183;5;188;8283;372;116;8351;1208;7447;8655;9062;;;;;;;
Lithuania;LTU;2010;8981;8567;414;151;7;158;8718;421;100;8881;1196;7943;9139;9399;25;8;3;;;;
Lithuania;LTU;2011;9790;9373;417;125;5;130;9498;422;128;9662;1347;8573;9920;9399;32;11;0;;;;
Lithuania;LTU;2012;9617;9182;435;105;7;112;9287;442;113;9504;1179;8550;9729;9399;35;5;2;;;;
Lithuania;LTU;2013;9172;8744;428;87;2;89;8831;430;149;9023;1118;8143;9261;9399;48;12;1;;;;
Lithuania;LTU;2014;8552;8175;377;81;3;84;8256;380;158;8394;868;7768;8636;9399;43;11;1;;;539;3129
Lithuania;LTU;2015;7270;6975;295;84;1;85;7059;296;127;7143;712;6643;7355;9399;39;8;3;;;526;3112
Lithuania;LTU;2016;6757;6436;321;57;1;58;6493;322;111;6646;602;6213;6815;8011;38;14;1;7;43;540;2946
Lithuania;LTU;2017;6548;6218;330;50;1;51;6268;331;114;6434;611;5988;6599;8011;33;5;1;;;;2959
Lithuania;LTU;2018;6433;;;;;;;;125;6308;;;6485;8011;30;4;1;;;;
Norway;NOR;2003;NaN;;166;;1;11;;167;NaN;NaN;;;;;;;;;;;
Norway;NOR;2004;NaN;2689;175;9;1;10;2698;176;NaN;NaN;;;;;;;;;;;
Norway;NOR;2005;NaN;2914;178;11;0;11;2925;178;NaN;NaN;;;;;;;;;;;
Norway;NOR;2006;NaN;3061;207;7;0;7;3068;207;NaN;NaN;;;;;;;;;;;
Norway;NOR;2007;NaN;3212;183;7;0;7;3219;183;NaN;NaN;;;;;;;;;;;
Norway;NOR;2008;NaN;3222;192;5;0;5;3227;192;NaN;NaN;;;3477;;;;;;;;
Norway;NOR;2009;NaN;3043;211;7;1;8;3050;212;NaN;NaN;;;3340;;;;;;;;
Norway;NOR;2010;NaN;3270;221;8;0;8;3278;221;NaN;NaN;;;3564;;3;2;0;;;;
Norway;NOR;2011;NaN;3556;252;10;0;10;3566;252;NaN;NaN;;;3866;;6;4;0;;;;
Norway;NOR;2012;NaN;3720;248;15;1;16;3735;249;NaN;NaN;;;4052;;6;5;0;;;;
Norway;NOR;2013;NaN;3628;200;8;0;8;3636;200;NaN;NaN;;;3869;;12;11;0;;;;
Norway;NOR;2014;NaN;3841;204;3;0;3;3844;204;NaN;NaN;;;4103;3916;6;6;0;;;;
Norway;NOR;2015;NaN;3777;212;5;0;5;3782;212;NaN;NaN;;;4056;3850;5;2;0;NaN;NaN;;
Norway;NOR;2016;NaN;3873;243;2;1;3;3875;244;NaN;NaN;;;4192;3880;6;5;0;;;;
Norway;NOR;2017;NaN;;;;;;;;NaN;NaN;;;4164;;5;3;1;;;;
Norway;NOR;2018;NaN;;;;;;;;NaN;NaN;;;;;4;1;0;;;;
Sweden;SWE;2003;5320;;272;;0;2;;272;1458;3862;1401;5354;;;;;;;;;
Sweden;SWE;2004;5722;;320;;0;1;;320;1460;4262;1561;5771;;;;;;;;;
Sweden;SWE;2005;5508;;375;;0;13;;375;1475;4033;1479;5898;;;;;;;;;
Sweden;SWE;2006;5533;;399;;2;14;;401;1533;4000;1597;5800;;;;;;;;;
Sweden;SWE;2007;5275;;385;;0;11;;385;1424;3851;1432;5545;;;;;;;;;
Sweden;SWE;2008;5399;;392;;0;15;;392;1487;3912;1377;5696;7073;7175;;;;;;;
Sweden;SWE;2009;5470;;374;;0;6;;374;1572;3898;1445;5841;7286;6981;;;;;;;
Sweden;SWE;2010;5358;6437;394;15;0;15;6452;394;1520;3838;1472;5374;6846;6805;14;3;0;;;;
Sweden;SWE;2011;5148;6272;390;7;0;7;6279;390;1419;3729;1521;5148;6669;7045;14;7;0;;;;
Sweden;SWE;2012;4852;5922;362;12;0;12;5934;362;1479;3373;1444;4852;6296;6963;16;7;0;;;;
Sweden;SWE;2013;4377;5383;330;10;0;10;5393;330;1383;2994;1346;4377;5723;6675;13;6;0;;;;
Sweden;SWE;2014;4319;5463;332;11;1;12;5474;333;1324;2995;1488;4319;5807;6475;16;7;0;;;696;6013
Sweden;SWE;2015;4292;5346;327;18;0;18;5364;327;1325;2967;1399;4292;5691;6262;8;3;0;;;694;5976
Sweden;SWE;2016;4231;5299;346;13;0;13;5312;346;1274;2957;1427;4231;5658;6252;8;1;0;6;50;702;6088
Sweden;SWE;2017;4148;5341;348;24;0;24;5365;348;1240;2908;1565;4148;5713;6147;8;1;0;;;739;6072
Sweden;SWE;2018;4393;;;;;;;;1319;3074;;;6114;6539;14;2;0;;;;
United Kingdom (England and Wales);GBR;2003;80263;;;;;;;;;;;;;;;;;;;;
United Kingdom (England and Wales);GBR;2004;81264;;;;;;;;;;;;;;;;;;;;
United Kingdom (England and Wales);GBR;2005;83307;;;;;;;;;;;;;;;;;;;;
United Kingdom (England and Wales);GBR;2006;85259;;;;;;;;;;;;;;;;;;;;
United Kingdom (England and Wales);GBR;2007;87325;;;;;;;;;;;;;;;;;;;;
United Kingdom (England and Wales);GBR;2008;91044;;;;;;;;;;;;91044;1722;;;;;;;
United Kingdom (England and Wales);GBR;2009;91325;;;;;;;;;;;;91325;1842;;;;;;;
United Kingdom (England and Wales);GBR;2010;93323;;;;;;;;;;;;93322;92291;197;58;1;;;;
United Kingdom (England and Wales);GBR;2011;94258;;;;;;;;;;;;94279;93976;192;57;2;;;;
United Kingdom (England and Wales);GBR;2012;94625;;;;;;;;;;;;94625;94698;192;60;0;;;;
United Kingdom (England and Wales);GBR;2013;91574;;;;;;;;;;;;91574;90349;215;76;4;;;;
United Kingdom (England and Wales);GBR;2014;93118;;;;;;;;;;;;93118;91653;243;89;3;;;;
United Kingdom (England and Wales);GBR;2015;93635;;;;;;;;;;;;93635;90909;257;90;8;;;;
United Kingdom (England and Wales);GBR;2016;92590;;;;;;;;;;;;92590;89170;354;123;3;;;;
United Kingdom (England and Wales);GBR;2017;93288;;;;;;;;;;;;93288;88849;295;70;3;;;;
United Kingdom (England and Wales);GBR;2018;91099;;;;;;;;;;;;83311;90346;325;92;4;;;;
Albania;ALB;2003;NaN;;80;;;37;;;NaN;2042;490;2071;;;;;;;;;
Albania;ALB;2004;NaN;2240;59;22;0;22;2262;59;NaN;2299;623;1698;;;;;;;;;
Albania;ALB;2005;NaN;2510;66;16;0;16;2526;66;NaN;3429;872;1720;;;;;;;;;
Albania;ALB;2006;NaN;2750;79;28;0;28;2778;79;NaN;3768;941;1916;;;;;;;;;
Albania;ALB;2007;NaN;2695;84;11;0;11;2706;84;NaN;4627;1765;1025;;;;;;;;;
Albania;ALB;2008;NaN;2910;101;55;32;87;2965;133;NaN;4972;1947;2969;4916;4166;;;;;;;
Albania;ALB;2009;4695;4466;113;85;3;88;4551;116;41;4654;1628;3039;4667;4425;;;;;;;
Albania;ALB;2010;4605;4461;96;98;2;100;4559;98;54;4551;1885;2772;4657;4381;;;;;;;
Albania;ALB;2011;4607;4454;84;121;0;121;4575;84;69;4538;1850;2809;4659;4417;;;;;;;
Albania;ALB;2012;4890;4439;82;97;0;97;4536;82;90;4800;1756;2862;4618;4577;;;;;;;
Albania;ALB;2013;5385;4802;89;107;0;107;4909;89;91;5294;1975;3023;4998;4577;13;4;0;;;;
Albania;ALB;2014;5535;5493;109;87;0;87;5580;109;86;5449;2924;2765;5689;4577;12;3;0;;;;
Albania;ALB;2015;5882;5771;121;89;0;89;5860;121;96;5786;2945;3036;5981;5484;11;2;0;;;;
Albania;ALB;2016;6031;5875;97;58;1;59;5933;98;89;5942;2980;3051;6031;5455;17;1;0;4;10;407;3964
Albania;ALB;2017;5674;5541;93;40;0;40;5581;93;101;5573;2374;3300;5674;5455;23;6;0;;;407;3964
Albania;ALB;2018;5316;;;;;;;;90;5226;;;5316;6236;24;1;0;;;;
Bosnia and Herzegovina;BIH;2003;NaN;;;;;;;;NaN;NaN;;;;;;;;;;;
Bosnia and Herzegovina;BIH;2004;NaN;;;;;;;;NaN;NaN;;;;;;;;;;;
Bosnia and Herzegovina;BIH;2005;NaN;;;;;;;;NaN;NaN;;;;;;;;;;;
Bosnia and Herzegovina;BIH;2006;NaN;;;;;;;;NaN;NaN;;;;;;;;;;;
Bosnia and Herzegovina;BIH;2007;NaN;;;;;;;;NaN;NaN;;;;;;;;;;;
Bosnia and Herzegovina;BIH;2008;NaN;;;;;;;;NaN;NaN;;;;;;;;;;;
Bosnia and Herzegovina;BIH;2009;NaN;;;;;;;;NaN;NaN;;;;;;;;;;;
Bosnia and Herzegovina;BIH;2010;2221;2161;60;;;31;;;NaN;NaN;;;2743;3080;;;;;;;
Bosnia and Herzegovina;BIH;2011;2231;2193;38;;;30;;;NaN;NaN;;;2757;3199;;;;;;;
Bosnia and Herzegovina;BIH;2012;NaN;;;;;;;;NaN;NaN;;;;;;;;;;;
Bosnia and Herzegovina;BIH;2013;2521;2465;56;;;39;;;NaN;NaN;;;2898;3297;;;;;;;
Bosnia and Herzegovina;BIH;2014;2537;2477;60;;;28;;;NaN;NaN;;;2825;3358;;;;;;;
Bosnia and Herzegovina;BIH;2015;2298;2212;86;;;21;;;NaN;NaN;;;2730;3510;8;1;;;;;
Bosnia and Herzegovina;BIH;2016;2214;2166;48;;;11;;;NaN;NaN;;;2832;3407;11;2;;2;5;;
Bosnia and Herzegovina;BIH;2017;2361;2287;74;23;1;24;2310;75;NaN;NaN;;;2820;3587;;;;;;;
Bosnia and Herzegovina;BIH;2018;3111;;;;;;;;NaN;NaN;;;4377;3480;;;;;;;
Croatia;HRV;2003;1791;;63;;14;128;;77;NaN;NaN;912;1893;;;;;;;;;
Croatia;HRV;2004;2032;;98;;12;113;;110;NaN;NaN;909;2120;;;;;;;;;
Croatia;HRV;2005;2293;;133;;7;110;;140;NaN;NaN;1105;2380;;;;;;;;;
Croatia;HRV;2006;2594;;185;;1;26;;186;NaN;NaN;1158;2675;;;;;;;;;
Croatia;HRV;2007;2909;;188;;2;47;;190;NaN;NaN;1297;2993;;;;;;;;;
Croatia;HRV;2008;3294;;209;;0;41;;209;NaN;NaN;1354;3380;4734;3501;;;;;;;
Croatia;HRV;2009;3592;;218;;7;64;;225;NaN;NaN;1212;3679;4891;3501;;;;;;;
Croatia;HRV;2010;3894;4929;236;31;8;39;4960;244;NaN;NaN;1191;3974;5165;3501;12;1;;;;;
Croatia;HRV;2011;4089;4814;250;50;5;55;4864;255;NaN;NaN;896;4188;5084;3921;13;2;;;;;
Croatia;HRV;2012;3890;4534;207;63;5;68;4597;212;NaN;NaN;767;3974;4741;3921;13;;;;;;
Croatia;HRV;2013;3326;4081;188;77;6;83;4158;194;NaN;NaN;934;3418;4352;3921;;;;;;;
Croatia;HRV;2014;2881;3511;182;62;8;70;3573;190;NaN;NaN;812;2951;3763;4022;16;0;0;;;;2785
Croatia;HRV;2015;2426;3130;160;47;4;51;3177;164;NaN;NaN;729;2612;3341;4022;11;1;0;NaN;NaN;;2741
Croatia;HRV;2016;2293;2947;116;38;7;45;2985;123;NaN;NaN;729;2379;3108;;11;0;0;10;32;;
Croatia;HRV;2017;2234;2947;116;38;7;45;2985;123;NaN;NaN;770;2420;3190;;14;0;0;;;;
Croatia;HRV;2018;2177;;;;;;;;NaN;NaN;;;3217;3558;18;0;3;;;;
Greece;GRC;2003;8170;;;;;;;;NaN;NaN;;;;;;;;;;;
Greece;GRC;2004;9018;;;;;;;;NaN;NaN;;;;;;;;;;;
Greece;GRC;2005;9270;9186;604;;;;;;3822;5448;3076;6888;;;;;;;;;
Greece;GRC;2006;9685;9605;597;;;;;;4235;5450;3046;7324;;;;;;;;;
Greece;GRC;2007;10348;10228;593;406;28;434;10634;621;4772;5576;2906;8739;;;;;;;;;
Greece;GRC;2008;10561;11040;744;501;30;531;11541;774;5347;5214;3700;8036;11736;9664;;;;;;;
Greece;GRC;2009;9265;10300;554;485;25;510;10785;579;5017;4248;3541;7823;11364;9723;;;;;;;
Greece;GRC;2010;10480;11204;577;541;27;568;11745;604;6066;4414;4050;8299;12349;10326;;;;;;;
Greece;GRC;2011;10752;11330;562;571;16;587;11901;578;6664;4088;4254;8225;12479;10376;;;;;;;
Greece;GRC;2012;11187;11318;557;587;13;600;11905;570;6978;4209;4325;8150;12475;9886;;;;;;;
Greece;GRC;2013;11571;11593;648;440;12;452;12033;660;6960;4611;2861;9832;12693;9909;39;;;;;;
Greece;GRC;2014;11798;11206;561;20;11;31;11226;572;6882;4916;2470;9328;11798;9886;;;;;;;
Greece;GRC;2015;9611;9116;482;9;4;13;9125;486;5289;4322;2557;7054;9611;9886;60;4;4;;;195;4555
Greece;GRC;2016;9560;9023;515;12;10;22;9035;525;5195;4365;2829;6731;9560;9815;46;6;0;;;196;4519
Greece;GRC;2017;10011;9455;543;5;8;13;9460;551;5291;4720;3260;6751;10011;10260;37;0;0;;;194;4502
Greece;GRC;2018;10654;;;;;;;;5822;4832;;;10654;;69;9;0;;;;
Italy;ITA;2003;54237;;2493;;79;756;;2572;17007;37230;20813;34180;;;;;;;;;
Italy;ITA;2004;56068;;2589;;74;835;;2663;17819;38249;20704;36199;;;;;;;;;
Italy;ITA;2005;59523;;2804;;103;892;;2907;19836;39687;22408;38007;;;;;;;;;
Italy;ITA;2006;39005;37335;1670;703;86;789;38038;1756;13152;25853;22145;17649;;;;;;;;;
Italy;ITA;2007;48693;46518;2175;905;99;1004;47423;2274;18252;30441;28188;21509;;;;;;;;;
Italy;ITA;2008;58127;55601;2526;1082;75;1157;56683;2601;21562;36565;30093;29191;59284;43843;;;;80;61;;
Italy;ITA;2009;64791;62040;2751;1126;81;1207;63166;2832;24067;40724;30077;35521;65598;44838;;;;;;;
Italy;ITA;2010;67961;65031;2930;1213;89;1302;66244;3019;24954;43007;15131;54132;69263;45791;163;55;0;;;;
Italy;ITA;2011;66897;64089;2808;1325;103;1428;65414;2911;24174;42723;14719;53606;68325;46452;165;63;0;;;;
Italy;ITA;2012;65701;62897;2804;1312;89;1401;64209;2893;23492;42209;13545;53557;67102;47864;153;56;0;;;;
Italy;ITA;2013;62536;59842;2694;1221;91;1312;61063;2785;21854;40682;12060;51788;63848;48559;154;42;0;;;;
Italy;ITA;2014;53623;51319;2304;1052;70;1122;52371;2374;17462;36161;10337;44408;54745;50282;94;43;1;;;990;43921
Italy;ITA;2015;52164;50057;2107;1146;100;1246;51203;2207;17340;34824;9373;44037;53410;50239;108;39;0;;;966;43332
Italy;ITA;2016;54653;52368;2285;1231;94;1325;53599;2379;18621;36032;10277;45701;55978;50806;103;39;;NaN;NaN;927;41115
Italy;ITA;2017;57608;55187;2421;1335;95;1430;56522;2516;19745;37863;10680;48358;59038;51078;126;48;;;;1164;41645
Italy;ITA;2018;59655;;;;;;;;20255;39400;;;61131;51141;161;61;;;;;
Kosovo under UNSCR 1244;OSA;2003;1182;;;;;;;;;;;;;;;;;;;;
Kosovo under UNSCR 1244;OSA;2004;1189;;;;;;;;;;;;;;;;;;;;
Kosovo under UNSCR 1244;OSA;2005;1199;;;;;;;;;;;;;;;;;;;;
Kosovo under UNSCR 1244;OSA;2006;1252;;;;;;;;;;;;;;;;;;;;
Kosovo under UNSCR 1244;OSA;2007;;;;;;;;;;;;;;;;;;;;;
Kosovo under UNSCR 1244;OSA;2008;;;;;;;;;;;;;;;;;;;;;
Kosovo under UNSCR 1244;OSA;2009;1325;;;;;;;;;;;;;;;;;;;;
Kosovo under UNSCR 1244;OSA;2010;1333;;;;;;;;;;;;;;;;;;;;
Kosovo under UNSCR 1244;OSA;2011;1441;;;;;;;;;;;;;;;;;;;;
Kosovo under UNSCR 1244;OSA;2012;1737;;;;;;;;;;;;;;;;;;;;
Kosovo under UNSCR 1244;OSA;2013;1776;;;;;;;;;;;;;;;;;;;;
Kosovo under UNSCR 1244;OSA;2014;1854;;;;;;;;;;;;;;;;;;;;
Kosovo under UNSCR 1244;OSA;2015;1478;;;;;;;;;;;;;;;;;;;;
Kosovo under UNSCR 1244;OSA;2016;1648;;;;;;;;;;;;;;4;1;;;;;
Kosovo under UNSCR 1244;OSA;2017;1609;;;;;;;;;;;;;;5;;;;;;
Kosovo under UNSCR 1244;OSA;2018;1567;;;;;;;;;;;;;;3;1;;;;;
Montenegro;MNE;2003;741;724;15;;;2;;;8;733;229;512;;;;;;;;;
Montenegro;MNE;2004;799;789;7;2;1;3;791;8;14;785;300;499;;;;;;;;;
Montenegro;MNE;2005;894;830;15;3;1;4;833;16;11;883;352;542;;;;;;;;;
Montenegro;MNE;2006;851;833;17;;;1;;;16;835;411;440;;;;;;;;;
Montenegro;MNE;2007;957;938;16;;;3;;;39;918;431;526;;;;;;;;;
Montenegro;MNE;2008;1216;1189;18;7;2;9;1196;20;48;1168;568;648;1216;1280;;;;;;;
Montenegro;MNE;2009;1499;1451;39;7;2;9;1458;41;85;1414;685;814;1499;1022;;;;;;;
Montenegro;MNE;2010;1457;1391;59;6;1;7;1397;60;115;1342;405;1052;1457;1066;;;;;;;
Montenegro;MNE;2011;1328;1282;37;8;1;9;1290;38;82;1246;338;990;1328;1116;;;;;;;
Montenegro;MNE;2012;1331;1269;53;8;1;9;1277;54;202;1129;360;971;1331;1116;;;;;;;
Montenegro;MNE;2013;1064;1043;19;2;0;2;1045;19;234;830;304;760;1064;1116;;;;;;;
Montenegro;MNE;2014;1123;1087;31;5;0;5;1092;31;374;749;239;884;1123;;8;;;;;;484
Montenegro;MNE;2015;1131;1091;35;5;0;5;1096;35;171;960;298;833;1131;;;;;;;;454
Montenegro;MNE;2016;1123;1083;36;4;0;4;1087;36;284;839;311;812;1123;1375;6;0;1;2;4;;486
Montenegro;MNE;2017;1119;1081;26;12;0;12;1093;26;187;932;309;810;1119;1345;;;;;;;490
Montenegro;MNE;2018;1125;;;;;;;;;;;;1125;1345;3;0;0;;;;
North Macedonia;MKD;2003;NaN;;30;;;17;;;NaN;NaN;217;1391;;;;;;;;;
North Macedonia;MKD;2004;NaN;;31;;;17;;;NaN;NaN;204;1578;;;;;;;;;
North Macedonia;MKD;2005;NaN;;42;;1;55;;43;NaN;NaN;136;1996;;;;;;;;;
North Macedonia;MKD;2006;2167;;39;;0;49;;39;108;2059;208;1830;;;;;;;;;
North Macedonia;MKD;2007;NaN;;;;;;;;NaN;NaN;;;;;;;;;;;
North Macedonia;MKD;2008;NaN;;;62;;62;;;NaN;NaN;673;1562;;1681;;;;;;;
North Macedonia;MKD;2009;NaN;2160;55;70;;70;2230;;NaN;NaN;955;;;1941;;;;;;;
North Macedonia;MKD;2010;NaN;2160;55;65;;65;2225;;NaN;NaN;;;;2041;;;;;;;
North Macedonia;MKD;2011;NaN;2162;50;63;;63;2225;;NaN;NaN;;;;1941;;;;;;;
North Macedonia;MKD;2012;NaN;;;;;;;;NaN;NaN;;;;;;;;;;;
North Macedonia;MKD;2013;NaN;;;;;;;;NaN;NaN;;;;;;;;;;;
North Macedonia;MKD;2014;NaN;;;;;;;;NaN;NaN;;;;;;;;;;;
North Macedonia;MKD;2015;NaN;;;;;;;;NaN;NaN;;;;;;;;;;;
North Macedonia;MKD;2016;NaN;3111;102;18;0;18;3129;102;NaN;NaN;254;2977;3231;;;;;;;;
North Macedonia;MKD;2017;NaN;2680;71;30;;30;2710;;NaN;NaN;253;2778;3031;2519;;;;;;122;771
North Macedonia;MKD;2018;NaN;;;;;;;;NaN;NaN;;;;;;;;;;;
Portugal;PRT;2003;13635;;572;;13;479;;585;2145;11490;3492;10343;;;;;;;;;
Portugal;PRT;2004;13152;12213;939;;8;525;12213;947;2275;10877;3000;10152;;;;;;;;;
Portugal;PRT;2005;12889;12014;875;;20;529;12014;895;2386;10503;3044;9845;;;;;;;;;
Portugal;PRT;2006;12636;11751;885;;26;507;11751;911;2552;10084;2921;9715;;;;;;;;;
Portugal;PRT;2007;11587;10790;797;;;;10790;;2371;9216;2327;9260;;;;;;;;;
Portugal;PRT;2008;10807;10160;647;;;;10160;;2190;8617;2108;8699;10807;12464;;;;;;;
Portugal;PRT;2009;11099;10486;613;;;521;10486;;2263;8836;2141;9146;11287;12102;;;;;;;
Portugal;PRT;2010;11613;10986;627;;;547;10986;;2390;9223;2307;9532;11839;12174;64;19;0;;;;
Portugal;PRT;2011;12681;11970;711;;;634;11970;;2548;10133;2470;10485;12955;12330;64;8;1;;;;
Portugal;PRT;2012;13614;12856;758;;;613;12856;;2602;11012;2661;11214;13875;12342;66;16;0;;;;
Portugal;PRT;2013;14284;13143;839;;;553;13143;;2647;11637;2592;11943;14535;12400;62;13;0;;;;
Portugal;PRT;2014;14003;12925;835;;;438;12925;;2469;11534;2330;11868;14198;12591;73;22;0;NaN;NaN;410;5005
Portugal;PRT;2015;14222;13152;855;;;366;13152;;2495;11727;2303;12070;14373;12591;67;11;2;10;15;417;4954
Portugal;PRT;2016;13779;12724;864;;;329;12724;;2295;11484;2117;11800;13917;12600;68;9;0;;;426;4971
Portugal;PRT;2017;13440;12402;849;;;336;12402;;2144;11296;2105;11482;13587;12694;69;15;0;;;460;5406
Portugal;PRT;2018;12867;;;;;;;;1953;10914;;;13021;12934;54;11;0;;;;
Serbia;SRB;2003;NaN;;;;;;;;NaN;NaN;;;;;;;;;;;
Serbia;SRB;2004;NaN;;;;;;;;NaN;NaN;;;;;;;;;;;
Serbia;SRB;2005;8071;;;;;;;;176;7895;;;;;;;;;;;
Serbia;SRB;2006;7893;;;;;;;;152;7741;;;;;;;;;;;
Serbia;SRB;2007;8970;8534;308;184;17;201;8718;325;227;8743;2235;6808;;;;;;;;;
Serbia;SRB;2008;9701;9128;321;225;27;252;9353;348;265;9436;2436;7265;9701;;;;;;;;
Serbia;SRB;2009;10975;10297;402;246;30;276;10543;432;192;10783;2693;8282;10975;;;;;;;;
Serbia;SRB;2010;11211;10535;427;238;11;249;10773;438;317;10894;3332;7879;11211;;69;6;0;;;;
Serbia;SRB;2011;11070;10371;423;257;19;276;10628;442;189;10881;3160;7910;11070;6924;63;4;0;;;;
Serbia;SRB;2012;10226;9754;240;223;9;232;9977;249;209;10017;2532;7694;10226;9000;90;7;0;;;;
Serbia;SRB;2013;10031;9389;402;228;12;240;9617;414;352;9679;1894;8137;10031;9200;69;6;0;;;;
Serbia;SRB;2014;10288;9676;360;240;12;252;9916;372;301;9987;1593;8695;10288;9340;37;2;0;NaN;NaN;1100;4243
Serbia;SRB;2015;10064;9479;357;219;9;228;9698;366;353;9711;1538;8526;10064;9459;61;10;1;NaN;NaN;1017;4052
Serbia;SRB;2016;10672;10028;405;227;12;239;10255;417;362;10310;1732;8940;10672;9802;48;8;2;;;997;3994
Serbia;SRB;2017;10807;10211;384;206;6;212;10417;390;350;10457;1616;9191;10807;9892;55;9;0;;;993;
Serbia;SRB;2018;10871;;;;;;;;317;10554;;;10871;10307;56;0;2;;;;
Spain;ESP;2003;56096;48342;4302;1474;94;1568;49816;4396;15205;40891;12276;43820;;;;;;;;;
Spain;ESP;2004;59375;54805;4570;1442;87;1529;56247;4657;17302;42073;13112;46263;;;;;;;;;
Spain;ESP;2005;61054;56291;4763;;;;;;18616;42438;13720;47334;;;;;;;;;
Spain;ESP;2006;64021;58912;5109;;;;;;20643;43378;15065;48956;;;;;;;;;
Spain;ESP;2007;67100;61508;5592;;;;;;22977;44123;16137;50963;;;;;;;;;
Spain;ESP;2008;73558;67608;5950;;;;;;26201;47357;17849;55709;73558;;;;;;;;
Spain;ESP;2009;76079;70003;6076;;;;;;27162;48917;15580;60499;76079;;;;;;;;
Spain;ESP;2010;73929;65951;5652;1402;83;1485;67353;5735;26315;47614;13837;60092;73929;;;;;;;;
Spain;ESP;2011;70472;63108;5157;1255;68;1323;64363;5225;24502;45970;12148;58324;70472;;;;;;;;
Spain;ESP;2012;68597;60827;5068;1082;70;1152;61909;5138;22893;45704;10938;57659;68597;;;;;;;;
Spain;ESP;2013;66765;59513;4925;891;66;957;60404;4991;21116;45649;9292;57473;66765;;;;;;;;
Spain;ESP;2014;65017;58099;4874;699;37;736;58798;4911;19697;45320;8595;56422;65017;;153;27;3;;;2264;24149
Spain;ESP;2015;61614;55103;4623;634;35;669;55737;4658;17870;43744;7684;53930;61614;;157;23;1;30;300;2209;23895
Spain;ESP;2016;59589;53362;4349;609;41;650;53971;4390;17130;42459;7996;51593;59589;64144;156;23;0;;;2151;23768
Spain;ESP;2017;58814;52604;4269;580;35;615;53184;4304;16549;42265;8362;50452;58814;64109;147;27;1;;;2184;23952
Spain;ESP;2018;58883;;;;;;;;16536;42347;;;58883;64323;210;33;1;;;;
Austria;AUT;2003;7921;;;;;;;;3014;4907;;;;;;;;;;;
Austria;AUT;2004;8642;;;;;;;;3741;4901;;;;;;;;;;;
Austria;AUT;2005;8826;7605;424;166;15;181;7771;439;3970;4856;2082;6874;;;;;;;;;
Austria;AUT;2006;8751;7676;430;210;11;221;7886;441;3761;4990;2116;6889;;;;;;;;;
Austria;AUT;2007;8861;7511;423;137;5;142;7648;428;3892;4969;1964;7048;;;;;;;;;
Austria;AUT;2008;7886;6853;396;158;12;170;7011;408;3325;4561;1883;6365;8248;8682;;;;;;;
Austria;AUT;2009;8467;7453;460;172;14;186;7625;474;3840;4627;1994;6714;8708;8678;;;;;;;
Austria;AUT;2010;8569;7599;511;153;20;173;7752;531;3922;4647;1909;6904;8540;8565;35;;;;;;
Austria;AUT;2011;8793;7734;538;148;15;163;7882;553;4027;4766;1826;7128;8770;8773;37;;;;;;
Austria;AUT;2012;8738;8113;568;113;11;124;8226;579;4085;4653;1791;7014;8805;8651;33;;;;;;
Austria;AUT;2013;8878;8221;538;97;6;103;8318;544;4377;4501;1809;7053;8862;8636;39;;;;;;
Austria;AUT;2014;8809;8111;501;74;6;80;8185;507;4443;4366;1834;6858;8692;8666;23;;;;;;
Austria;AUT;2015;9036;;;;;;;;4929;4107;;;8665;4191;34;6;0;;;792;4191
Austria;AUT;2016;8619;8022;481;105;11;116;8127;492;4686;3933;1766;6853;8619;4182;40;10;0;;;819;4182
Austria;AUT;2017;8852;8202;508;132;10;142;8334;518;4831;4021;1938;6914;8852;8884;33;11;1;;;799;4158
Austria;AUT;2018;9099;;;;;;;;5013;4086;;;9163;;44;12;0;;;;
Belgium;BEL;2003;9646;;;;;;;;3997;5649;;;;;;;;;;;
Belgium;BEL;2004;9896;;;;;;;;4027;5869;;;;;;;;;;;
Belgium;BEL;2005;9974;;;;;;;;4102;5873;;;;;;;;;;;
Belgium;BEL;2006;10437;;;;;;;;4262;6175;;;;;;;;;;;
Belgium;BEL;2007;NaN;;;;;;;;NaN;NaN;;;;;;;;;;;
Belgium;BEL;2008;NaN;;;;;;;;NaN;NaN;;;9811;8445;;;;;;;
Belgium;BEL;2009;NaN;;;;;;;;NaN;NaN;;;10126;8546;;;;;;;
Belgium;BEL;2010;10535;;;;;;;;4501;6034;;;10526;9129;;;;;;;
Belgium;BEL;2011;10973;;;;;;;;4847;6126;;;11040;9212;;;;;;;
Belgium;BEL;2012;11330;;;;;;;;5025;6305;;;11183;9401;;;;;;;
Belgium;BEL;2013;11644;;;;;;;;5239;6405;;;11818;9715;;;;;;;
Belgium;BEL;2014;11578;;;;;;;;5174;6404;;;;;59;18;;;;;
Belgium;BEL;2015;11040;10345;525;10;4;14;10355;529;4941;6099;;;10994;9952;44;16;;;;;
Belgium;BEL;2016;10619;;;;;;;;4707;5912;;;;;;;;;;;
Belgium;BEL;2017;10471;;;;;;;;4628;5843;;;;;;;;40;19;;
Belgium;BEL;2018;NaN;;;;;;;;NaN;NaN;;;;;;;;;;;
France;FRA;2003;59246;;;;;;;;13061;46185;;;;;;;;;;;
France;FRA;2004;59197;;;;;;;;12678;46519;;;;;;;;;;;
France;FRA;2005;59522;;;;;;;;12137;47385;;;;;;;;;;;
France;FRA;2006;60403;56250;2152;;;;;;11827;48576;18483;39919;;;;;;;;;
France;FRA;2007;64003;58106;2246;700;24;724;58806;2270;12237;51766;16797;44279;;;;;;;;;
France;FRA;2008;66178;59484;2093;651;24;675;60135;2117;12032;54146;15933;46319;62252;51997;;;;;;;
France;FRA;2009;66089;58288;2021;647;22;669;58935;2043;11740;54349;15395;45583;60978;54988;;;;;;;
France;FRA;2010;66975;57929;1927;671;17;692;58600;1944;11943;55032;15702;44842;60544;56358;;;;;;;
France;FRA;2011;73780;61908;2167;679;33;712;62587;2200;12985;60795;16279;48508;64787;57236;;;;;;;
France;FRA;2012;76798;63668;2180;689;35;724;64357;2215;13821;62977;16454;50118;66572;56992;;;;;;;
France;FRA;2013;77883;64213;2131;701;30;731;64914;2161;14568;63315;16622;50453;67075;57516;242;111;1;;;;
France;FRA;2014;77291;63493;2073;669;35;704;64162;2108;14690;62601;16549;49721;66270;57841;219;110;1;;;;
France;FRA;2015;66678;63851;2119;680;28;708;64531;2147;14009;52669;18158;48520;66678;58561;259;126;3;228;313;;
France;FRA;2016;68432;65442;2232;725;33;758;66167;2265;15084;53348;19498;48934;68432;58681;266;125;6;;;;
France;FRA;2017;68974;65839;2363;742;30;772;66581;2393;15418;53556;19815;49159;68974;59765;153;88;3;;;;
France;FRA;2018;70059;;;;;;;;16151;53908;;;70059;;198;103;1;;;;
Germany;DEU;2003;79153;;;;;;;;NaN;NaN;20149;60680;;;;;;;;;
Germany;DEU;2004;79452;;;;;;;;NaN;NaN;19060;61873;;;;;;;;;
Germany;DEU;2005;78664;;;;;;;;NaN;NaN;18151;62050;;;;;;;;;
Germany;DEU;2006;76629;;;;;;;;NaN;NaN;15837;62226;;;;;;;;;
Germany;DEU;2007;72656;;;;;;;;NaN;NaN;14552;60601;;;;;;;;;
Germany;DEU;2008;72259;69863;3930;;;;69863;3930;NaN;NaN;13713;60080;73793;;;;;;;;
Germany;DEU;2009;70817;68438;3857;;;;68438;3857;NaN;NaN;13601;58694;72295;;;;;;;;
Germany;DEU;2010;69385;66982;3845;;;;66982;3845;NaN;NaN;12911;57916;70827;;;;;;;;
Germany;DEU;2011;68099;65616;3927;;;;65616;3927;NaN;NaN;12899;56644;69543;;;;;;;;
Germany;DEU;2012;65902;64590;3943;;;;64590;3943;NaN;NaN;12903;55630;68533;;;;;;;;
Germany;DEU;2013;62632;62424;3797;;;;62424;3797;NaN;NaN;12943;53278;66221;;;;;;;;
Germany;DEU;2014;61872;59589;3639;;;;59589;3639;NaN;NaN;12981;50247;63228;75793;152;60;;;;;36317
Germany;DEU;2015;61737;59411;3609;;;;59411;3609;NaN;NaN;13713;49307;63020;73916;146;66;;;;;35848
Germany;DEU;2016;62865;;;;;;;;NaN;NaN;14671;49620;64291;73627;163;76;;;;;35968
Germany;DEU;2017;64351;;;;;;;;NaN;NaN;15786;50055;65841;73603;173;82;;;;;36284
Germany;DEU;2018;63643;;;;;;;;NaN;NaN;;;65762;74386;;;;;;;
Luxembourg;LUX;2003;NaN;;;;;;;;NaN;NaN;;;;;;;;;;;
Luxembourg;LUX;2004;NaN;;;;;;;;NaN;NaN;;;;;;;;;;;
Luxembourg;LUX;2005;NaN;;;;;;;;NaN;NaN;;;;;;;;;;;
Luxembourg;LUX;2006;NaN;695;32;8;0;8;703;32;NaN;NaN;352;383;;;;;;;;;
Luxembourg;LUX;2007;NaN;701;34;4;2;6;705;36;NaN;NaN;329;412;;;;;;;;;
Luxembourg;LUX;2008;NaN;725;32;3;2;5;728;34;NaN;NaN;335;427;762;;;;;;;;
Luxembourg;LUX;2009;NaN;659;38;4;1;5;663;39;NaN;NaN;308;394;702;;;;;;;;
Luxembourg;LUX;2010;NaN;651;23;6;1;7;657;24;NaN;NaN;318;363;681;;;;;;;;
Luxembourg;LUX;2011;NaN;594;36;6;1;7;600;37;NaN;NaN;264;373;637;;;;;;;;
Luxembourg;LUX;2012;NaN;634;31;1;0;1;635;31;NaN;NaN;286;380;666;;;;;;;;
Luxembourg;LUX;2013;NaN;621;31;2;2;4;623;33;NaN;NaN;267;389;656;;;;;;;;
Luxembourg;LUX;2014;NaN;597;25;3;1;4;600;26;NaN;NaN;304;322;626;711;;;;;;62;406
Luxembourg;LUX;2015;NaN;649;40;2;0;2;651;40;NaN;NaN;314;377;691;711;;;;;;62;406
Luxembourg;LUX;2016;NaN;681;36;7;0;7;688;36;NaN;NaN;343;381;724;711;2;0;0;;;56;440
Luxembourg;LUX;2017;684;645;37;2;0;2;647;37;493;191;304;380;684;711;2;0;0;;;60;466
Luxembourg;LUX;2018;656;;;;;;;;491;165;;;656;711;2;0;0;;;;
Netherlands;NLD;2003;13981;;;;;;;;5264;8717;6400;9784;;;;;;;;;
Netherlands;NLD;2004;16454;;;;;;;;5560;10894;6900;11866;;;;;;;;;
Netherlands;NLD;2005;17599;14338;868;;;;;;6312;11287;6670;10890;;;;;;;;;
Netherlands;NLD;2006;16230;12850;868;;;;;;6068;10162;6198;9893;;;;;;;;;
Netherlands;NLD;2007;14451;11956;813;;;;;;4806;9645;6093;9058;;;;;;;;;
Netherlands;NLD;2008;13530;12877;940;763;30;793;13640;970;4432;9098;5730;8880;14610;;;;;;;;
Netherlands;NLD;2009;13262;12794;896;646;28;674;13440;924;4354;8908;3942;10422;14364;17668;;;;;;;
Netherlands;NLD;2010;13293;12841;872;631;24;655;13472;896;4324;8969;4054;10314;14368;16033;;21;;;;;
Netherlands;NLD;2011;12737;12631;789;524;25;549;13155;814;3804;8933;4143;9826;13969;15509;;17;;;;;
Netherlands;NLD;2012;12112;12216;712;527;18;545;12743;730;3349;8763;3840;9633;13473;15731;25;10;0;;;;
Netherlands;NLD;2013;11167;11575;673;456;17;473;12031;690;2962;8205;3434;9287;12721;15283;25;8;1;;;;
Netherlands;NLD;2014;10361;10811;662;452;9;461;11263;671;2582;7779;2888;9046;11934;14665;39;16;0;;;2498;10203
Netherlands;NLD;2015;9143;9950;489;401;10;411;10351;499;2114;7029;2736;8114;10850;14299;47;12;1;;;2371;9352
Netherlands;NLD;2016;9123;9614;566;407;14;421;10021;580;2186;6937;2748;7853;10601;;30;6;0;72;NaN;2192;8421
Netherlands;NLD;2017;9549;9876;578;402;18;420;10278;596;2461;7088;2791;8083;10874;;46;14;1;;;;
Netherlands;NLD;2018;9972;;;;;;;;2624;7348;;;11251;;41;13;0;;;;
Switzerland;CHE;2003;4816;;289;;;;;;NaN;NaN;2214;2628;;;;;;;;;
Switzerland;CHE;2004;5469;;357;;;;;;3753;1716;2441;3068;;;;;;;;;
Switzerland;CHE;2005;5673;;327;;5;72;;332;3901;1772;1879;3844;;;;;;;;;
Switzerland;CHE;2006;5526;5210;305;45;7;52;5255;312;3716;1810;2341;3226;;;;;;;;;
Switzerland;CHE;2007;5251;4941;280;51;3;54;4992;283;3552;1699;2195;3083;;;;;;;;;
Switzerland;CHE;2008;5199;4941;298;66;4;72;5007;302;3526;1673;2350;2953;5303;;;;;;;;
Switzerland;CHE;2009;5491;5206;345;53;1;54;5259;346;3766;1725;2521;3084;5605;;;;;;;;
Switzerland;CHE;2010;5665;5405;319;39;6;45;5444;325;3970;1695;2566;3199;5765;;12;6;;;;;
Switzerland;CHE;2011;5511;5298;301;26;3;29;5324;304;3846;1665;2406;3220;5626;;10;6;;;;;
Switzerland;CHE;2012;6001;5743;306;50;4;54;5793;310;4337;1664;2753;3349;6102;;29;9;;;;;
Switzerland;CHE;2013;6537;6275;347;27;3;30;6302;350;4794;1743;2915;3719;6652;;10;2;;;;;
Switzerland;CHE;2014;6414;6179;315;23;2;25;6202;317;4623;1791;2770;3749;6519;7235;15;9;;;;818;4102
Switzerland;CHE;2015;6398;6124;355;18;1;19;6142;356;4464;1934;2756;3742;6498;7324;24;10;;;;884;4174
Switzerland;CHE;2016;6447;6151;371;19;0;19;6170;371;4571;1876;2804;3703;6507;7483;17;5;;NaN;NaN;882;4169
Switzerland;CHE;2017;6449;6156;371;37;0;37;6193;371;4559;1890;2756;3808;6564;7489;18;7;;;;;
Switzerland;CHE;2018;6507;;;;;;;;NaN;NaN;;;6602;7518;12;6;;;;;
