<?xml version="1.0" encoding="UTF-8"?>
<rdf:RDF xmlns:jb="https://jailodbreak.github.io/jailodbreak/" xmlns:rdf="http://www.w3.org/1999/02/22-rdf-syntax-ns#">
<root>
   <element>
      <jb:country_code>BGR</jb:country_code>
      <jb:country_name>Bulgaria</jb:country_name>
      <jb:suicide_mortality>3</jb:suicide_mortality>
      <jb:total_staff>2849</jb:total_staff>
      <jb:year>2016</jb:year>
   </element>
   <element>
      <jb:country_code>HUN</jb:country_code>
      <jb:country_name>Hungary</jb:country_name>
      <jb:suicide_mortality>9</jb:suicide_mortality>
      <jb:total_staff>8417</jb:total_staff>
      <jb:year>2016</jb:year>
   </element>
   <element>
      <jb:country_code>POL</jb:country_code>
      <jb:country_name>Poland</jb:country_name>
      <jb:suicide_mortality>24</jb:suicide_mortality>
      <jb:total_staff>30191</jb:total_staff>
      <jb:year>2016</jb:year>
   </element>
   <element>
      <jb:country_code>ROU</jb:country_code>
      <jb:country_name>Romania</jb:country_name>
      <jb:suicide_mortality>11</jb:suicide_mortality>
      <jb:total_staff>11684</jb:total_staff>
      <jb:year>2016</jb:year>
   </element>
   <element>
      <jb:country_code>SVK</jb:country_code>
      <jb:country_name>Slovakia</jb:country_name>
      <jb:suicide_mortality>6</jb:suicide_mortality>
      <jb:total_staff>5254</jb:total_staff>
      <jb:year>2016</jb:year>
   </element>
   <element>
      <jb:country_code>DNK</jb:country_code>
      <jb:country_name>Denmark</jb:country_name>
      <jb:suicide_mortality>8</jb:suicide_mortality>
      <jb:total_staff>3283</jb:total_staff>
      <jb:year>2016</jb:year>
   </element>
   <element>
      <jb:country_code>FIN</jb:country_code>
      <jb:country_name>Finland</jb:country_name>
      <jb:suicide_mortality>2</jb:suicide_mortality>
      <jb:total_staff>2078</jb:total_staff>
      <jb:year>2016</jb:year>
   </element>
   <element>
      <jb:country_code>ISL</jb:country_code>
      <jb:country_name>Iceland</jb:country_name>
      <jb:suicide_mortality>0</jb:suicide_mortality>
      <jb:total_staff>109</jb:total_staff>
      <jb:year>2016</jb:year>
   </element>
   <element>
      <jb:country_code>LVA</jb:country_code>
      <jb:country_name>Latvia</jb:country_name>
      <jb:suicide_mortality>4</jb:suicide_mortality>
      <jb:total_staff>2659</jb:total_staff>
      <jb:year>2016</jb:year>
   </element>
   <element>
      <jb:country_code>LTU</jb:country_code>
      <jb:country_name>Lithuania</jb:country_name>
      <jb:suicide_mortality>14</jb:suicide_mortality>
      <jb:total_staff>2946</jb:total_staff>
      <jb:year>2016</jb:year>
   </element>
   <element>
      <jb:country_code>SWE</jb:country_code>
      <jb:country_name>Sweden</jb:country_name>
      <jb:suicide_mortality>1</jb:suicide_mortality>
      <jb:total_staff>6088</jb:total_staff>
      <jb:year>2016</jb:year>
   </element>
   <element>
      <jb:country_code>ALB</jb:country_code>
      <jb:country_name>Albania</jb:country_name>
      <jb:suicide_mortality>1</jb:suicide_mortality>
      <jb:total_staff>3964</jb:total_staff>
      <jb:year>2016</jb:year>
   </element>
   <element>
      <jb:country_code>GRC</jb:country_code>
      <jb:country_name>Greece</jb:country_name>
      <jb:suicide_mortality>6</jb:suicide_mortality>
      <jb:total_staff>4519</jb:total_staff>
      <jb:year>2016</jb:year>
   </element>
   <element>
      <jb:country_code>ITA</jb:country_code>
      <jb:country_name>Italy</jb:country_name>
      <jb:suicide_mortality>39</jb:suicide_mortality>
      <jb:total_staff>41115</jb:total_staff>
      <jb:year>2016</jb:year>
   </element>
   <element>
      <jb:country_code>MNE</jb:country_code>
      <jb:country_name>Montenegro</jb:country_name>
      <jb:suicide_mortality>0</jb:suicide_mortality>
      <jb:total_staff>486</jb:total_staff>
      <jb:year>2016</jb:year>
   </element>
   <element>
      <jb:country_code>PRT</jb:country_code>
      <jb:country_name>Portugal</jb:country_name>
      <jb:suicide_mortality>9</jb:suicide_mortality>
      <jb:total_staff>4971</jb:total_staff>
      <jb:year>2016</jb:year>
   </element>
   <element>
      <jb:country_code>SRB</jb:country_code>
      <jb:country_name>Serbia</jb:country_name>
      <jb:suicide_mortality>8</jb:suicide_mortality>
      <jb:total_staff>3994</jb:total_staff>
      <jb:year>2016</jb:year>
   </element>
   <element>
      <jb:country_code>ESP</jb:country_code>
      <jb:country_name>Spain</jb:country_name>
      <jb:suicide_mortality>23</jb:suicide_mortality>
      <jb:total_staff>23768</jb:total_staff>
      <jb:year>2016</jb:year>
   </element>
   <element>
      <jb:country_code>DEU</jb:country_code>
      <jb:country_name>Germany</jb:country_name>
      <jb:suicide_mortality>76</jb:suicide_mortality>
      <jb:total_staff>35968</jb:total_staff>
      <jb:year>2016</jb:year>
   </element>
   <element>
      <jb:country_code>LUX</jb:country_code>
      <jb:country_name>Luxembourg</jb:country_name>
      <jb:suicide_mortality>0</jb:suicide_mortality>
      <jb:total_staff>440</jb:total_staff>
      <jb:year>2016</jb:year>
   </element>
   <element>
      <jb:country_code>NLD</jb:country_code>
      <jb:country_name>Netherlands</jb:country_name>
      <jb:suicide_mortality>6</jb:suicide_mortality>
      <jb:total_staff>8421</jb:total_staff>
      <jb:year>2016</jb:year>
   </element>
   <element>
      <jb:country_code>CHE</jb:country_code>
      <jb:country_name>Switzerland</jb:country_name>
      <jb:suicide_mortality>5</jb:suicide_mortality>
      <jb:total_staff>4169</jb:total_staff>
      <jb:year>2016</jb:year>
   </element>
</root>