[
  {
    "country_name": "Bulgaria",
    "country_code": "BGR",
    "year": 2016,
    "suicide_mortality": 3,
    "total_staff": 2849
  },
  {
    "country_name": "Hungary",
    "country_code": "HUN",
    "year": 2016,
    "suicide_mortality": 9,
    "total_staff": 8417
  },
  {
    "country_name": "Poland",
    "country_code": "POL",
    "year": 2016,
    "suicide_mortality": 24,
    "total_staff": 30191
  },
  {
    "country_name": "Romania",
    "country_code": "ROU",
    "year": 2016,
    "suicide_mortality": 11,
    "total_staff": 11684
  },
  {
    "country_name": "Slovakia",
    "country_code": "SVK",
    "year": 2016,
    "suicide_mortality": 6,
    "total_staff": 5254
  },
  {
    "country_name": "Denmark",
    "country_code": "DNK",
    "year": 2016,
    "suicide_mortality": 8,
    "total_staff": 3283
  },
  {
    "country_name": "Finland",
    "country_code": "FIN",
    "year": 2016,
    "suicide_mortality": 2,
    "total_staff": 2078
  },
  {
    "country_name": "Iceland",
    "country_code": "ISL",
    "year": 2016,
    "suicide_mortality": 0,
    "total_staff": 109
  },
  {
    "country_name": "Latvia",
    "country_code": "LVA",
    "year": 2016,
    "suicide_mortality": 4,
    "total_staff": 2659
  },
  {
    "country_name": "Lithuania",
    "country_code": "LTU",
    "year": 2016,
    "suicide_mortality": 14,
    "total_staff": 2946
  },
 
  {
    "country_name": "Sweden",
    "country_code": "SWE",
    "year": 2016,
    "suicide_mortality": 1,
    "total_staff": 6088
  },
  {
    "country_name": "Albania",
    "country_code": "ALB",
    "year": 2016,
    "suicide_mortality": 1,
    "total_staff": 3964
  },

  {
    "country_name": "Greece",
    "country_code": "GRC",
    "year": 2016,
    "suicide_mortality": 6,
    "total_staff": 4519
  },
  {
    "country_name": "Italy",
    "country_code": "ITA",
    "year": 2016,
    "suicide_mortality": 39,
    "total_staff": 41115
  },
  {
    "country_name": "Montenegro",
    "country_code": "MNE",
    "year": 2016,
    "suicide_mortality": 0,
    "total_staff": 486
  },
  {
    "country_name": "Portugal",
    "country_code": "PRT",
    "year": 2016,
    "suicide_mortality": 9,
    "total_staff": 4971
  },
  {
    "country_name": "Serbia",
    "country_code": "SRB",
    "year": 2016,
    "suicide_mortality": 8,
    "total_staff": 3994
  },
  {
    "country_name": "Spain",
    "country_code": "ESP",
    "year": 2016,
    "suicide_mortality": 23,
    "total_staff": 23768
  },
  {
    "country_name": "Germany",
    "country_code": "DEU",
    "year": 2016,
    "suicide_mortality": 76,
    "total_staff": 35968
  },
  {
    "country_name": "Luxembourg",
    "country_code": "LUX",
    "year": 2016,
    "suicide_mortality": 0,
    "total_staff": 440
  },
  {
    "country_name": "Netherlands",
    "country_code": "NLD",
    "year": 2016,
    "suicide_mortality": 6,
    "total_staff": 8421
  },
  {
    "country_name": "Switzerland",
    "country_code": "CHE",
    "year": 2016,
    "suicide_mortality": 5,
    "total_staff": 4169
  }
]