<?xml version="1.0" encoding="UTF-8"?>
<rdf:RDF xmlns:jb="https://jailodbreak.github.io/jailodbreak/" xmlns:rdf="http://www.w3.org/1999/02/22-rdf-syntax-ns#">
<root>
  <element>
    <jb:year>2010</jb:year>
    <jb:Cyprus>637</jb:Cyprus>
    <jb:Turkey>120194</jb:Turkey>
    <jb:Bulgaria>10448</jb:Bulgaria>
    <jb:Hungary>16328</jb:Hungary>
    <jb:Poland>80728</jb:Poland>
    <jb:Romania>28244</jb:Romania>
    <jb:Slovakia>8567</jb:Slovakia>
    <jb:Denmark>3944</jb:Denmark>
    <jb:Estonia>3393</jb:Estonia>
    <jb:Finland>3364</jb:Finland>
    <jb:Iceland>154</jb:Iceland>
    <jb:Ireland>13758</jb:Ireland>
    <jb:Latvia>4701</jb:Latvia>
    <jb:Lithuania>8981</jb:Lithuania>
    <jb:Sweden>5358</jb:Sweden>
    <jb:United_Kingdom_England_and_Wales>93323</jb:United_Kingdom_England_and_Wales>
    <jb:Albania>4605</jb:Albania>
    <jb:Bosnia_and_Herzegovina>2221</jb:Bosnia_and_Herzegovina>
    <jb:Croatia>3894</jb:Croatia>
    <jb:Greece>10480</jb:Greece>
    <jb:Italy>67961</jb:Italy>
    <jb:Kosovo_under_UNSCR_1244>1333</jb:Kosovo_under_UNSCR_1244>
    <jb:Montenegro>1457</jb:Montenegro>
    <jb:Portugal>11613</jb:Portugal>
    <jb:Serbia>11211</jb:Serbia>
    <jb:Spain>73929</jb:Spain>
    <jb:Austria>8569</jb:Austria>
    <jb:Belgium>10535</jb:Belgium>
    <jb:France>66975</jb:France>
    <jb:Germany>69385</jb:Germany>
    <jb:Netherlands>13293</jb:Netherlands>
    <jb:Switzerland>5665</jb:Switzerland>
    <jb:Luxembourg></jb:Luxembourg>
  </element>
  <element>
    <jb:year>2011</jb:year>
    <jb:Cyprus>634</jb:Cyprus>
    <jb:Turkey>128253</jb:Turkey>
    <jb:Bulgaria>9855</jb:Bulgaria>
    <jb:Hungary>17210</jb:Hungary>
    <jb:Poland>81382</jb:Poland>
    <jb:Romania>30694</jb:Romania>
    <jb:Slovakia>9118</jb:Slovakia>
    <jb:Denmark>3947</jb:Denmark>
    <jb:Estonia>3400</jb:Estonia>
    <jb:Finland>3268</jb:Finland>
    <jb:Iceland>143</jb:Iceland>
    <jb:Ireland>13952</jb:Ireland>
    <jb:Latvia>4488</jb:Latvia>
    <jb:Lithuania>9790</jb:Lithuania>
    <jb:Sweden>5148</jb:Sweden>
    <jb:United_Kingdom_England_and_Wales>94258</jb:United_Kingdom_England_and_Wales>
    <jb:Albania>4607</jb:Albania>
    <jb:Bosnia_and_Herzegovina>2231</jb:Bosnia_and_Herzegovina>
    <jb:Croatia>4089</jb:Croatia>
    <jb:Greece>10752</jb:Greece>
    <jb:Italy>66897</jb:Italy>
    <jb:Kosovo_under_UNSCR_1244>1441</jb:Kosovo_under_UNSCR_1244>
    <jb:Montenegro>1328</jb:Montenegro>
    <jb:Portugal>12681</jb:Portugal>
    <jb:Serbia>11070</jb:Serbia>
    <jb:Spain>70472</jb:Spain>
    <jb:Austria>8793</jb:Austria>
    <jb:Belgium>10973</jb:Belgium>
    <jb:France>73780</jb:France>
    <jb:Germany>68099</jb:Germany>
    <jb:Netherlands>12737</jb:Netherlands>
    <jb:Switzerland>5511</jb:Switzerland>
    <jb:Luxembourg></jb:Luxembourg>
  </element>
  <element>
    <jb:year>2012</jb:year>
    <jb:Cyprus>694</jb:Cyprus>
    <jb:Turkey>136638</jb:Turkey>
    <jb:Bulgaria>9493</jb:Bulgaria>
    <jb:Hungary>17179</jb:Hungary>
    <jb:Poland>84156</jb:Poland>
    <jb:Romania>31817</jb:Romania>
    <jb:Slovakia>9542</jb:Slovakia>
    <jb:Denmark>3829</jb:Denmark>
    <jb:Estonia>3286</jb:Estonia>
    <jb:Finland>3306</jb:Finland>
    <jb:Iceland>141</jb:Iceland>
    <jb:Ireland>13860</jb:Ireland>
    <jb:Latvia>4171</jb:Latvia>
    <jb:Lithuania>9617</jb:Lithuania>
    <jb:Sweden>4852</jb:Sweden>
    <jb:United_Kingdom_England_and_Wales>94625</jb:United_Kingdom_England_and_Wales>
    <jb:Albania>4890</jb:Albania>
    <jb:Bosnia_and_Herzegovina></jb:Bosnia_and_Herzegovina>
    <jb:Croatia>3890</jb:Croatia>
    <jb:Greece>11187</jb:Greece>
    <jb:Italy>65701</jb:Italy>
    <jb:Kosovo_under_UNSCR_1244>1737</jb:Kosovo_under_UNSCR_1244>
    <jb:Montenegro>1064</jb:Montenegro>
    <jb:Portugal>13614</jb:Portugal>
    <jb:Serbia>10226</jb:Serbia>
    <jb:Spain>68597</jb:Spain>
    <jb:Austria>8738</jb:Austria>
    <jb:Belgium>11330</jb:Belgium>
    <jb:France>76798</jb:France>
    <jb:Germany>65902</jb:Germany>
    <jb:Netherlands>12112</jb:Netherlands>
    <jb:Switzerland>6001</jb:Switzerland>
    <jb:Luxembourg></jb:Luxembourg>
  </element>
  <element>
    <jb:year>2013</jb:year>
    <jb:Cyprus>592</jb:Cyprus>
    <jb:Turkey>144098</jb:Turkey>
    <jb:Bulgaria>8834</jb:Bulgaria>
    <jb:Hungary>17841</jb:Hungary>
    <jb:Poland>78994</jb:Poland>
    <jb:Romania>33434</jb:Romania>
    <jb:Slovakia>8537</jb:Slovakia>
    <jb:Denmark>4091</jb:Denmark>
    <jb:Estonia>3123</jb:Estonia>
    <jb:Finland>3295</jb:Finland>
    <jb:Iceland>147</jb:Iceland>
    <jb:Ireland>13055</jb:Ireland>
    <jb:Latvia>3603</jb:Latvia>
    <jb:Lithuania>9172</jb:Lithuania>
    <jb:Sweden>4377</jb:Sweden>
    <jb:United_Kingdom_England_and_Wales>91574</jb:United_Kingdom_England_and_Wales>
    <jb:Albania>5385</jb:Albania>
    <jb:Bosnia_and_Herzegovina>2521</jb:Bosnia_and_Herzegovina>
    <jb:Croatia>3326</jb:Croatia>
    <jb:Greece>11571</jb:Greece>
    <jb:Italy>62536</jb:Italy>
    <jb:Kosovo_under_UNSCR_1244>1776</jb:Kosovo_under_UNSCR_1244>
    <jb:Montenegro>1064</jb:Montenegro>
    <jb:Portugal>14284</jb:Portugal>
    <jb:Serbia>10031</jb:Serbia>
    <jb:Spain>66765</jb:Spain>
    <jb:Austria>8878</jb:Austria>
    <jb:Belgium>11644</jb:Belgium>
    <jb:France>77883</jb:France>
    <jb:Germany>62632</jb:Germany>
    <jb:Netherlands>11167</jb:Netherlands>
    <jb:Switzerland>6537</jb:Switzerland>
    <jb:Luxembourg></jb:Luxembourg>
  </element>
  <element>
    <jb:year>2014</jb:year>
    <jb:Cyprus>537</jb:Cyprus>
    <jb:Turkey>158690</jb:Turkey>
    <jb:Bulgaria>7870</jb:Bulgaria>
    <jb:Hungary>17890</jb:Hungary>
    <jb:Poland>77371</jb:Poland>
    <jb:Romania>30156</jb:Romania>
    <jb:Slovakia>8701</jb:Slovakia>
    <jb:Denmark>3583</jb:Denmark>
    <jb:Estonia>3034</jb:Estonia>
    <jb:Finland>3148</jb:Finland>
    <jb:Iceland>142</jb:Iceland>
    <jb:Ireland>13408</jb:Ireland>
    <jb:Latvia>3253</jb:Latvia>
    <jb:Lithuania>8552</jb:Lithuania>
    <jb:Sweden>4319</jb:Sweden>
    <jb:United_Kingdom_England_and_Wales>93118</jb:United_Kingdom_England_and_Wales>
    <jb:Albania>5535</jb:Albania>
    <jb:Bosnia_and_Herzegovina>2537</jb:Bosnia_and_Herzegovina>
    <jb:Croatia>2881</jb:Croatia>
    <jb:Greece>11798</jb:Greece>
    <jb:Italy>53623</jb:Italy>
    <jb:Kosovo_under_UNSCR_1244>1854</jb:Kosovo_under_UNSCR_1244>
    <jb:Montenegro>1123</jb:Montenegro>
    <jb:Portugal>14003</jb:Portugal>
    <jb:Serbia>10288</jb:Serbia>
    <jb:Spain>65017</jb:Spain>
    <jb:Austria>8809</jb:Austria>
    <jb:Belgium>11578</jb:Belgium>
    <jb:France>77291</jb:France>
    <jb:Germany>61872</jb:Germany>
    <jb:Netherlands>10361</jb:Netherlands>
    <jb:Switzerland>6414</jb:Switzerland>
    <jb:Luxembourg></jb:Luxembourg>
  </element>
  <element>
    <jb:year>2015</jb:year>
    <jb:Cyprus>596</jb:Cyprus>
    <jb:Turkey>177262</jb:Turkey>
    <jb:Bulgaria>7408</jb:Bulgaria>
    <jb:Hungary>17449</jb:Hungary>
    <jb:Poland>70836</jb:Poland>
    <jb:Romania>28334</jb:Romania>
    <jb:Slovakia>8567</jb:Slovakia>
    <jb:Denmark>3203</jb:Denmark>
    <jb:Estonia>2823</jb:Estonia>
    <jb:Finland>3135</jb:Finland>
    <jb:Iceland>139</jb:Iceland>
    <jb:Ireland></jb:Ireland>
    <jb:Latvia>3000</jb:Latvia>
    <jb:Lithuania>7270</jb:Lithuania>
    <jb:Sweden>4292</jb:Sweden>
    <jb:United_Kingdom_England_and_Wales>93635</jb:United_Kingdom_England_and_Wales>
    <jb:Albania>5882</jb:Albania>
    <jb:Bosnia_and_Herzegovina>2298</jb:Bosnia_and_Herzegovina>
    <jb:Croatia>2426</jb:Croatia>
    <jb:Greece>9611</jb:Greece>
    <jb:Italy>52164</jb:Italy>
    <jb:Kosovo_under_UNSCR_1244>1478</jb:Kosovo_under_UNSCR_1244>
    <jb:Montenegro>1131</jb:Montenegro>
    <jb:Portugal>14222</jb:Portugal>
    <jb:Serbia>10064</jb:Serbia>
    <jb:Spain>61614</jb:Spain>
    <jb:Austria>9036</jb:Austria>
    <jb:Belgium>11040</jb:Belgium>
    <jb:France>66678</jb:France>
    <jb:Germany>61737</jb:Germany>
    <jb:Netherlands>9143</jb:Netherlands>
    <jb:Switzerland>6398</jb:Switzerland>
    <jb:Luxembourg></jb:Luxembourg>
  </element>
  <element>
    <jb:year>2016</jb:year>
    <jb:Cyprus>668</jb:Cyprus>
    <jb:Turkey>200727</jb:Turkey>
    <jb:Bulgaria>7345</jb:Bulgaria>
    <jb:Hungary>17658</jb:Hungary>
    <jb:Poland>71528</jb:Poland>
    <jb:Romania>27455</jb:Romania>
    <jb:Slovakia>8557</jb:Slovakia>
    <jb:Denmark>3408</jb:Denmark>
    <jb:Estonia>2864</jb:Estonia>
    <jb:Finland>3156</jb:Finland>
    <jb:Iceland>116</jb:Iceland>
    <jb:Ireland></jb:Ireland>
    <jb:Latvia>2966</jb:Latvia>
    <jb:Lithuania>6757</jb:Lithuania>
    <jb:Sweden>4231</jb:Sweden>
    <jb:United_Kingdom_England_and_Wales>92590</jb:United_Kingdom_England_and_Wales>
    <jb:Albania>6031</jb:Albania>
    <jb:Bosnia_and_Herzegovina>2361</jb:Bosnia_and_Herzegovina>
    <jb:Croatia>2293</jb:Croatia>
    <jb:Greece>9560</jb:Greece>
    <jb:Italy>54653</jb:Italy>
    <jb:Kosovo_under_UNSCR_1244>1648</jb:Kosovo_under_UNSCR_1244>
    <jb:Montenegro>1123</jb:Montenegro>
    <jb:Portugal>13779</jb:Portugal>
    <jb:Serbia>10672</jb:Serbia>
    <jb:Spain>59589</jb:Spain>
    <jb:Austria>8619</jb:Austria>
    <jb:Belgium>10619</jb:Belgium>
    <jb:France>68432</jb:France>
    <jb:Germany>62865</jb:Germany>
    <jb:Netherlands>9123</jb:Netherlands>
    <jb:Switzerland>6447</jb:Switzerland>
    <jb:Luxembourg></jb:Luxembourg>
  </element>
  <element>
    <jb:year>2017</jb:year>
    <jb:Cyprus>625</jb:Cyprus>
    <jb:Turkey>232340</jb:Turkey>
    <jb:Bulgaria>6988</jb:Bulgaria>
    <jb:Hungary>17343</jb:Hungary>
    <jb:Poland>73822</jb:Poland>
    <jb:Romania>23450</jb:Romania>
    <jb:Slovakia>8512</jb:Slovakia>
    <jb:Denmark>3418</jb:Denmark>
    <jb:Estonia>2723</jb:Estonia>
    <jb:Finland>3082</jb:Finland>
    <jb:Iceland>150</jb:Iceland>
    <jb:Ireland></jb:Ireland>
    <jb:Latvia>2714</jb:Latvia>
    <jb:Lithuania>6548</jb:Lithuania>
    <jb:Sweden>4148</jb:Sweden>
    <jb:United_Kingdom_England_and_Wales>93288</jb:United_Kingdom_England_and_Wales>
    <jb:Albania>5674</jb:Albania>
    <jb:Bosnia_and_Herzegovina>2361</jb:Bosnia_and_Herzegovina>
    <jb:Croatia>2234</jb:Croatia>
    <jb:Greece>10011</jb:Greece>
    <jb:Italy>57608</jb:Italy>
    <jb:Kosovo_under_UNSCR_1244>1609</jb:Kosovo_under_UNSCR_1244>
    <jb:Montenegro>1119</jb:Montenegro>
    <jb:Portugal>13440</jb:Portugal>
    <jb:Serbia>10807</jb:Serbia>
    <jb:Spain>58814</jb:Spain>
    <jb:Austria>8852</jb:Austria>
    <jb:Belgium>10471</jb:Belgium>
    <jb:France>68974</jb:France>
    <jb:Germany>64351</jb:Germany>
    <jb:Netherlands>9549</jb:Netherlands>
    <jb:Switzerland>6449</jb:Switzerland>
    <jb:Luxembourg>684</jb:Luxembourg>
  </element>
  <element>
    <jb:year>2018</jb:year>
    <jb:Cyprus>648</jb:Cyprus>
    <jb:Turkey>264842</jb:Turkey>
    <jb:Bulgaria>6651</jb:Bulgaria>
    <jb:Hungary>16303</jb:Hungary>
    <jb:Poland>72204</jb:Poland>
    <jb:Romania>20792</jb:Romania>
    <jb:Slovakia>8715</jb:Slovakia>
    <jb:Denmark>3635</jb:Denmark>
    <jb:Estonia>2584</jb:Estonia>
    <jb:Finland>2910</jb:Finland>
    <jb:Iceland>147</jb:Iceland>
    <jb:Ireland></jb:Ireland>
    <jb:Latvia>2541</jb:Latvia>
    <jb:Lithuania>6433</jb:Lithuania>
    <jb:Sweden>4393</jb:Sweden>
    <jb:United_Kingdom_England_and_Wales>91099</jb:United_Kingdom_England_and_Wales>
    <jb:Albania>5316</jb:Albania>
    <jb:Bosnia_and_Herzegovina>3111</jb:Bosnia_and_Herzegovina>
    <jb:Croatia>2177</jb:Croatia>
    <jb:Greece>10654</jb:Greece>
    <jb:Italy>59655</jb:Italy>
    <jb:Kosovo_under_UNSCR_1244>1567</jb:Kosovo_under_UNSCR_1244>
    <jb:Montenegro>1125</jb:Montenegro>
    <jb:Portugal>12867</jb:Portugal>
    <jb:Serbia>10871</jb:Serbia>
    <jb:Spain>58883</jb:Spain>
    <jb:Austria>9099</jb:Austria>
    <jb:Belgium></jb:Belgium>
    <jb:France>70059</jb:France>
    <jb:Germany>63643</jb:Germany>
    <jb:Netherlands>9972</jb:Netherlands>
    <jb:Switzerland>6507</jb:Switzerland>
    <jb:Luxembourg>656</jb:Luxembourg>
  </element>
</root>